roughness,light_intensity,pixel_samples,frame,output_file,pixel_samples_parm_used,seconds
0.10,1.50,16,1,/Users/sareneac/sandbox/Houdini/pixar/outputs/rough_0.10/light_1.50/spp_016/frame_0001.png,samplesperpixel,4.489
0.10,1.50,16,2,/Users/sareneac/sandbox/Houdini/pixar/outputs/rough_0.10/light_1.50/spp_016/frame_0002.png,samplesperpixel,3.394
0.10,1.50,16,3,/Users/sareneac/sandbox/Houdini/pixar/outputs/rough_0.10/light_1.50/spp_016/frame_0003.png,samplesperpixel,3.400
0.10,1.50,16,4,/Users/sareneac/sandbox/Houdini/pixar/outputs/rough_0.10/light_1.50/spp_016/frame_0004.png,samplesperpixel,3.495
0.10,1.50,16,5,/Users/sareneac/sandbox/Houdini/pixar/outputs/rough_0.10/light_1.50/spp_016/frame_0005.png,samplesperpixel,3.405
0.10,1.50,16,6,/Users/sareneac/sandbox/Houdini/pixar/outputs/rough_0.10/light_1.50/spp_016/frame_0006.png,samplesperpixel,3.380
0.10,1.50,16,7,/Users/sareneac/sandbox/Houdini/pixar/outputs/rough_0.10/light_1.50/spp_016/frame_0007.png,samplesperpixel,6.210
0.10,1.50,16,8,/Users/sareneac/sandbox/Houdini/pixar/outputs/rough_0.10/light_1.50/spp_016/frame_0008.png,samplesperpixel,13.284
0.10,1.50,16,9,/Users/sareneac/sandbox/Houdini/pixar/outputs/rough_0.10/light_1.50/spp_016/frame_0009.png,samplesperpixel,27.548
0.10,1.50,16,10,/Users/sareneac/sandbox/Houdini/pixar/outputs/rough_0.10/light_1.50/spp_016/frame_0010.png,samplesperpixel,17.115
0.10,1.50,16,11,/Users/sareneac/sandbox/Houdini/pixar/outputs/rough_0.10/light_1.50/spp_016/frame_0011.png,samplesperpixel,11.149
0.10,1.50,16,12,/Users/sareneac/sandbox/Houdini/pixar/outputs/rough_0.10/light_1.50/spp_016/frame_0012.png,samplesperpixel,4.652
0.10,1.50,32,1,/Users/sareneac/sandbox/Houdini/pixar/outputs/rough_0.10/light_1.50/spp_032/frame_0001.png,samplesperpixel,5.393
0.10,1.50,32,2,/Users/sareneac/sandbox/Houdini/pixar/outputs/rough_0.10/light_1.50/spp_032/frame_0002.png,samplesperpixel,3.942
0.10,1.50,32,3,/Users/sareneac/sandbox/Houdini/pixar/outputs/rough_0.10/light_1.50/spp_032/frame_0003.png,samplesperpixel,3.773
0.10,1.50,32,4,/Users/sareneac/sandbox/Houdini/pixar/outputs/rough_0.10/light_1.50/spp_032/frame_0004.png,samplesperpixel,3.502
0.10,1.50,32,5,/Users/sareneac/sandbox/Houdini/pixar/outputs/rough_0.10/light_1.50/spp_032/frame_0005.png,samplesperpixel,3.660
0.10,1.50,32,6,/Users/sareneac/sandbox/Houdini/pixar/outputs/rough_0.10/light_1.50/spp_032/frame_0006.png,samplesperpixel,3.627
0.10,1.50,32,7,/Users/sareneac/sandbox/Houdini/pixar/outputs/rough_0.10/light_1.50/spp_032/frame_0007.png,samplesperpixel,7.239
0.10,1.50,32,8,/Users/sareneac/sandbox/Houdini/pixar/outputs/rough_0.10/light_1.50/spp_032/frame_0008.png,samplesperpixel,16.893
0.10,1.50,32,9,/Users/sareneac/sandbox/Houdini/pixar/outputs/rough_0.10/light_1.50/spp_032/frame_0009.png,samplesperpixel,39.551
0.10,1.50,32,10,/Users/sareneac/sandbox/Houdini/pixar/outputs/rough_0.10/light_1.50/spp_032/frame_0010.png,samplesperpixel,18.038
0.10,1.50,32,11,/Users/sareneac/sandbox/Houdini/pixar/outputs/rough_0.10/light_1.50/spp_032/frame_0011.png,samplesperpixel,10.850
0.10,1.50,32,12,/Users/sareneac/sandbox/Houdini/pixar/outputs/rough_0.10/light_1.50/spp_032/frame_0012.png,samplesperpixel,4.491
0.10,2.50,16,1,/Users/sareneac/sandbox/Houdini/pixar/outputs/rough_0.10/light_2.50/spp_016/frame_0001.png,samplesperpixel,4.393
0.10,2.50,16,2,/Users/sareneac/sandbox/Houdini/pixar/outputs/rough_0.10/light_2.50/spp_016/frame_0002.png,samplesperpixel,3.427
0.10,2.50,16,3,/Users/sareneac/sandbox/Houdini/pixar/outputs/rough_0.10/light_2.50/spp_016/frame_0003.png,samplesperpixel,3.360
0.10,2.50,16,4,/Users/sareneac/sandbox/Houdini/pixar/outputs/rough_0.10/light_2.50/spp_016/frame_0004.png,samplesperpixel,3.374
0.10,2.50,16,5,/Users/sareneac/sandbox/Houdini/pixar/outputs/rough_0.10/light_2.50/spp_016/frame_0005.png,samplesperpixel,3.400
0.10,2.50,16,6,/Users/sareneac/sandbox/Houdini/pixar/outputs/rough_0.10/light_2.50/spp_016/frame_0006.png,samplesperpixel,3.386
0.10,2.50,16,7,/Users/sareneac/sandbox/Houdini/pixar/outputs/rough_0.10/light_2.50/spp_016/frame_0007.png,samplesperpixel,6.933
0.10,2.50,16,8,/Users/sareneac/sandbox/Houdini/pixar/outputs/rough_0.10/light_2.50/spp_016/frame_0008.png,samplesperpixel,16.079
0.10,2.50,16,9,/Users/sareneac/sandbox/Houdini/pixar/outputs/rough_0.10/light_2.50/spp_016/frame_0009.png,samplesperpixel,32.107
0.10,2.50,16,10,/Users/sareneac/sandbox/Houdini/pixar/outputs/rough_0.10/light_2.50/spp_016/frame_0010.png,samplesperpixel,18.618
0.10,2.50,16,11,/Users/sareneac/sandbox/Houdini/pixar/outputs/rough_0.10/light_2.50/spp_016/frame_0011.png,samplesperpixel,198.241
0.10,2.50,16,12,/Users/sareneac/sandbox/Houdini/pixar/outputs/rough_0.10/light_2.50/spp_016/frame_0012.png,samplesperpixel,5.929
0.10,2.50,32,1,/Users/sareneac/sandbox/Houdini/pixar/outputs/rough_0.10/light_2.50/spp_032/frame_0001.png,samplesperpixel,4.676
0.10,2.50,32,2,/Users/sareneac/sandbox/Houdini/pixar/outputs/rough_0.10/light_2.50/spp_032/frame_0002.png,samplesperpixel,3.741
0.10,2.50,32,3,/Users/sareneac/sandbox/Houdini/pixar/outputs/rough_0.10/light_2.50/spp_032/frame_0003.png,samplesperpixel,3.515
0.10,2.50,32,4,/Users/sareneac/sandbox/Houdini/pixar/outputs/rough_0.10/light_2.50/spp_032/frame_0004.png,samplesperpixel,3.658
0.10,2.50,32,5,/Users/sareneac/sandbox/Houdini/pixar/outputs/rough_0.10/light_2.50/spp_032/frame_0005.png,samplesperpixel,3.608
0.10,2.50,32,6,/Users/sareneac/sandbox/Houdini/pixar/outputs/rough_0.10/light_2.50/spp_032/frame_0006.png,samplesperpixel,3.554
0.10,2.50,32,7,/Users/sareneac/sandbox/Houdini/pixar/outputs/rough_0.10/light_2.50/spp_032/frame_0007.png,samplesperpixel,8.444
0.10,2.50,32,8,/Users/sareneac/sandbox/Houdini/pixar/outputs/rough_0.10/light_2.50/spp_032/frame_0008.png,samplesperpixel,19.920
0.10,2.50,32,9,/Users/sareneac/sandbox/Houdini/pixar/outputs/rough_0.10/light_2.50/spp_032/frame_0009.png,samplesperpixel,43.125
0.10,2.50,32,10,/Users/sareneac/sandbox/Houdini/pixar/outputs/rough_0.10/light_2.50/spp_032/frame_0010.png,samplesperpixel,22.133
0.10,2.50,32,11,/Users/sareneac/sandbox/Houdini/pixar/outputs/rough_0.10/light_2.50/spp_032/frame_0011.png,samplesperpixel,12.942
0.10,2.50,32,12,/Users/sareneac/sandbox/Houdini/pixar/outputs/rough_0.10/light_2.50/spp_032/frame_0012.png,samplesperpixel,4.783
0.10,3.50,16,1,/Users/sareneac/sandbox/Houdini/pixar/outputs/rough_0.10/light_3.50/spp_016/frame_0001.png,samplesperpixel,4.228
0.10,3.50,16,2,/Users/sareneac/sandbox/Houdini/pixar/outputs/rough_0.10/light_3.50/spp_016/frame_0002.png,samplesperpixel,3.395
0.10,3.50,16,3,/Users/sareneac/sandbox/Houdini/pixar/outputs/rough_0.10/light_3.50/spp_016/frame_0003.png,samplesperpixel,3.369
0.10,3.50,16,4,/Users/sareneac/sandbox/Houdini/pixar/outputs/rough_0.10/light_3.50/spp_016/frame_0004.png,samplesperpixel,3.344
0.10,3.50,16,5,/Users/sareneac/sandbox/Houdini/pixar/outputs/rough_0.10/light_3.50/spp_016/frame_0005.png,samplesperpixel,3.397
0.10,3.50,16,6,/Users/sareneac/sandbox/Houdini/pixar/outputs/rough_0.10/light_3.50/spp_016/frame_0006.png,samplesperpixel,3.414
0.10,3.50,16,7,/Users/sareneac/sandbox/Houdini/pixar/outputs/rough_0.10/light_3.50/spp_016/frame_0007.png,samplesperpixel,7.112
0.10,3.50,16,8,/Users/sareneac/sandbox/Houdini/pixar/outputs/rough_0.10/light_3.50/spp_016/frame_0008.png,samplesperpixel,17.329
0.10,3.50,16,9,/Users/sareneac/sandbox/Houdini/pixar/outputs/rough_0.10/light_3.50/spp_016/frame_0009.png,samplesperpixel,34.487
0.10,3.50,16,10,/Users/sareneac/sandbox/Houdini/pixar/outputs/rough_0.10/light_3.50/spp_016/frame_0010.png,samplesperpixel,19.595
0.10,3.50,16,11,/Users/sareneac/sandbox/Houdini/pixar/outputs/rough_0.10/light_3.50/spp_016/frame_0011.png,samplesperpixel,14.908
0.10,3.50,16,12,/Users/sareneac/sandbox/Houdini/pixar/outputs/rough_0.10/light_3.50/spp_016/frame_0012.png,samplesperpixel,4.964
0.10,3.50,32,1,/Users/sareneac/sandbox/Houdini/pixar/outputs/rough_0.10/light_3.50/spp_032/frame_0001.png,samplesperpixel,4.751
0.10,3.50,32,2,/Users/sareneac/sandbox/Houdini/pixar/outputs/rough_0.10/light_3.50/spp_032/frame_0002.png,samplesperpixel,3.492
0.10,3.50,32,3,/Users/sareneac/sandbox/Houdini/pixar/outputs/rough_0.10/light_3.50/spp_032/frame_0003.png,samplesperpixel,3.606
0.10,3.50,32,4,/Users/sareneac/sandbox/Houdini/pixar/outputs/rough_0.10/light_3.50/spp_032/frame_0004.png,samplesperpixel,3.471
0.10,3.50,32,5,/Users/sareneac/sandbox/Houdini/pixar/outputs/rough_0.10/light_3.50/spp_032/frame_0005.png,samplesperpixel,3.478
0.10,3.50,32,6,/Users/sareneac/sandbox/Houdini/pixar/outputs/rough_0.10/light_3.50/spp_032/frame_0006.png,samplesperpixel,3.523
0.10,3.50,32,7,/Users/sareneac/sandbox/Houdini/pixar/outputs/rough_0.10/light_3.50/spp_032/frame_0007.png,samplesperpixel,9.252
0.10,3.50,32,8,/Users/sareneac/sandbox/Houdini/pixar/outputs/rough_0.10/light_3.50/spp_032/frame_0008.png,samplesperpixel,23.626
0.10,3.50,32,9,/Users/sareneac/sandbox/Houdini/pixar/outputs/rough_0.10/light_3.50/spp_032/frame_0009.png,samplesperpixel,51.354
0.10,3.50,32,10,/Users/sareneac/sandbox/Houdini/pixar/outputs/rough_0.10/light_3.50/spp_032/frame_0010.png,samplesperpixel,26.751
0.10,3.50,32,11,/Users/sareneac/sandbox/Houdini/pixar/outputs/rough_0.10/light_3.50/spp_032/frame_0011.png,samplesperpixel,14.780
0.10,3.50,32,12,/Users/sareneac/sandbox/Houdini/pixar/outputs/rough_0.10/light_3.50/spp_032/frame_0012.png,samplesperpixel,4.882
0.30,1.50,16,1,/Users/sareneac/sandbox/Houdini/pixar/outputs/rough_0.30/light_1.50/spp_016/frame_0001.png,samplesperpixel,4.035
0.30,1.50,16,2,/Users/sareneac/sandbox/Houdini/pixar/outputs/rough_0.30/light_1.50/spp_016/frame_0002.png,samplesperpixel,3.392
0.30,1.50,16,3,/Users/sareneac/sandbox/Houdini/pixar/outputs/rough_0.30/light_1.50/spp_016/frame_0003.png,samplesperpixel,3.337
0.30,1.50,16,4,/Users/sareneac/sandbox/Houdini/pixar/outputs/rough_0.30/light_1.50/spp_016/frame_0004.png,samplesperpixel,3.392
0.30,1.50,16,5,/Users/sareneac/sandbox/Houdini/pixar/outputs/rough_0.30/light_1.50/spp_016/frame_0005.png,samplesperpixel,3.392
0.30,1.50,16,6,/Users/sareneac/sandbox/Houdini/pixar/outputs/rough_0.30/light_1.50/spp_016/frame_0006.png,samplesperpixel,3.388
0.30,1.50,16,7,/Users/sareneac/sandbox/Houdini/pixar/outputs/rough_0.30/light_1.50/spp_016/frame_0007.png,samplesperpixel,6.363
0.30,1.50,16,8,/Users/sareneac/sandbox/Houdini/pixar/outputs/rough_0.30/light_1.50/spp_016/frame_0008.png,samplesperpixel,13.159
0.30,1.50,16,9,/Users/sareneac/sandbox/Houdini/pixar/outputs/rough_0.30/light_1.50/spp_016/frame_0009.png,samplesperpixel,26.207
0.30,1.50,16,10,/Users/sareneac/sandbox/Houdini/pixar/outputs/rough_0.30/light_1.50/spp_016/frame_0010.png,samplesperpixel,14.968
0.30,1.50,16,11,/Users/sareneac/sandbox/Houdini/pixar/outputs/rough_0.30/light_1.50/spp_016/frame_0011.png,samplesperpixel,9.337
0.30,1.50,16,12,/Users/sareneac/sandbox/Houdini/pixar/outputs/rough_0.30/light_1.50/spp_016/frame_0012.png,samplesperpixel,4.209
0.30,1.50,32,1,/Users/sareneac/sandbox/Houdini/pixar/outputs/rough_0.30/light_1.50/spp_032/frame_0001.png,samplesperpixel,4.339
0.30,1.50,32,2,/Users/sareneac/sandbox/Houdini/pixar/outputs/rough_0.30/light_1.50/spp_032/frame_0002.png,samplesperpixel,3.478
0.30,1.50,32,3,/Users/sareneac/sandbox/Houdini/pixar/outputs/rough_0.30/light_1.50/spp_032/frame_0003.png,samplesperpixel,3.467
0.30,1.50,32,4,/Users/sareneac/sandbox/Houdini/pixar/outputs/rough_0.30/light_1.50/spp_032/frame_0004.png,samplesperpixel,3.468
0.30,1.50,32,5,/Users/sareneac/sandbox/Houdini/pixar/outputs/rough_0.30/light_1.50/spp_032/frame_0005.png,samplesperpixel,3.481
0.30,1.50,32,6,/Users/sareneac/sandbox/Houdini/pixar/outputs/rough_0.30/light_1.50/spp_032/frame_0006.png,samplesperpixel,3.467
0.30,1.50,32,7,/Users/sareneac/sandbox/Houdini/pixar/outputs/rough_0.30/light_1.50/spp_032/frame_0007.png,samplesperpixel,7.192
0.30,1.50,32,8,/Users/sareneac/sandbox/Houdini/pixar/outputs/rough_0.30/light_1.50/spp_032/frame_0008.png,samplesperpixel,15.766
0.30,1.50,32,9,/Users/sareneac/sandbox/Houdini/pixar/outputs/rough_0.30/light_1.50/spp_032/frame_0009.png,samplesperpixel,35.440
0.30,1.50,32,10,/Users/sareneac/sandbox/Houdini/pixar/outputs/rough_0.30/light_1.50/spp_032/frame_0010.png,samplesperpixel,17.471
0.30,1.50,32,11,/Users/sareneac/sandbox/Houdini/pixar/outputs/rough_0.30/light_1.50/spp_032/frame_0011.png,samplesperpixel,10.949
0.30,1.50,32,12,/Users/sareneac/sandbox/Houdini/pixar/outputs/rough_0.30/light_1.50/spp_032/frame_0012.png,samplesperpixel,4.634
0.30,2.50,16,1,/Users/sareneac/sandbox/Houdini/pixar/outputs/rough_0.30/light_2.50/spp_016/frame_0001.png,samplesperpixel,4.557
0.30,2.50,16,2,/Users/sareneac/sandbox/Houdini/pixar/outputs/rough_0.30/light_2.50/spp_016/frame_0002.png,samplesperpixel,3.417
0.30,2.50,16,3,/Users/sareneac/sandbox/Houdini/pixar/outputs/rough_0.30/light_2.50/spp_016/frame_0003.png,samplesperpixel,3.387
0.30,2.50,16,4,/Users/sareneac/sandbox/Houdini/pixar/outputs/rough_0.30/light_2.50/spp_016/frame_0004.png,samplesperpixel,3.392
0.30,2.50,16,5,/Users/sareneac/sandbox/Houdini/pixar/outputs/rough_0.30/light_2.50/spp_016/frame_0005.png,samplesperpixel,3.504
0.30,2.50,16,6,/Users/sareneac/sandbox/Houdini/pixar/outputs/rough_0.30/light_2.50/spp_016/frame_0006.png,samplesperpixel,3.388
0.30,2.50,16,7,/Users/sareneac/sandbox/Houdini/pixar/outputs/rough_0.30/light_2.50/spp_016/frame_0007.png,samplesperpixel,6.871
0.30,2.50,16,8,/Users/sareneac/sandbox/Houdini/pixar/outputs/rough_0.30/light_2.50/spp_016/frame_0008.png,samplesperpixel,16.258
0.30,2.50,16,9,/Users/sareneac/sandbox/Houdini/pixar/outputs/rough_0.30/light_2.50/spp_016/frame_0009.png,samplesperpixel,32.495
0.30,2.50,16,10,/Users/sareneac/sandbox/Houdini/pixar/outputs/rough_0.30/light_2.50/spp_016/frame_0010.png,samplesperpixel,18.196
0.30,2.50,16,11,/Users/sareneac/sandbox/Houdini/pixar/outputs/rough_0.30/light_2.50/spp_016/frame_0011.png,samplesperpixel,10.407
0.30,2.50,16,12,/Users/sareneac/sandbox/Houdini/pixar/outputs/rough_0.30/light_2.50/spp_016/frame_0012.png,samplesperpixel,4.454
0.30,2.50,32,1,/Users/sareneac/sandbox/Houdini/pixar/outputs/rough_0.30/light_2.50/spp_032/frame_0001.png,samplesperpixel,4.583
0.30,2.50,32,2,/Users/sareneac/sandbox/Houdini/pixar/outputs/rough_0.30/light_2.50/spp_032/frame_0002.png,samplesperpixel,3.725
0.30,2.50,32,3,/Users/sareneac/sandbox/Houdini/pixar/outputs/rough_0.30/light_2.50/spp_032/frame_0003.png,samplesperpixel,3.533
0.30,2.50,32,4,/Users/sareneac/sandbox/Houdini/pixar/outputs/rough_0.30/light_2.50/spp_032/frame_0004.png,samplesperpixel,3.476
0.30,2.50,32,5,/Users/sareneac/sandbox/Houdini/pixar/outputs/rough_0.30/light_2.50/spp_032/frame_0005.png,samplesperpixel,3.532
0.30,2.50,32,6,/Users/sareneac/sandbox/Houdini/pixar/outputs/rough_0.30/light_2.50/spp_032/frame_0006.png,samplesperpixel,3.588
0.30,2.50,32,7,/Users/sareneac/sandbox/Houdini/pixar/outputs/rough_0.30/light_2.50/spp_032/frame_0007.png,samplesperpixel,8.267
0.30,2.50,32,8,/Users/sareneac/sandbox/Houdini/pixar/outputs/rough_0.30/light_2.50/spp_032/frame_0008.png,samplesperpixel,19.604
0.30,2.50,32,9,/Users/sareneac/sandbox/Houdini/pixar/outputs/rough_0.30/light_2.50/spp_032/frame_0009.png,samplesperpixel,43.068
0.30,2.50,32,10,/Users/sareneac/sandbox/Houdini/pixar/outputs/rough_0.30/light_2.50/spp_032/frame_0010.png,samplesperpixel,22.048
0.30,2.50,32,11,/Users/sareneac/sandbox/Houdini/pixar/outputs/rough_0.30/light_2.50/spp_032/frame_0011.png,samplesperpixel,12.929
0.30,2.50,32,12,/Users/sareneac/sandbox/Houdini/pixar/outputs/rough_0.30/light_2.50/spp_032/frame_0012.png,samplesperpixel,5.069
0.30,3.50,16,1,/Users/sareneac/sandbox/Houdini/pixar/outputs/rough_0.30/light_3.50/spp_016/frame_0001.png,samplesperpixel,4.810
0.30,3.50,16,2,/Users/sareneac/sandbox/Houdini/pixar/outputs/rough_0.30/light_3.50/spp_016/frame_0002.png,samplesperpixel,3.884
0.30,3.50,16,3,/Users/sareneac/sandbox/Houdini/pixar/outputs/rough_0.30/light_3.50/spp_016/frame_0003.png,samplesperpixel,7.566
0.30,3.50,16,4,/Users/sareneac/sandbox/Houdini/pixar/outputs/rough_0.30/light_3.50/spp_016/frame_0004.png,samplesperpixel,4.116
0.30,3.50,16,5,/Users/sareneac/sandbox/Houdini/pixar/outputs/rough_0.30/light_3.50/spp_016/frame_0005.png,samplesperpixel,3.456
0.30,3.50,16,6,/Users/sareneac/sandbox/Houdini/pixar/outputs/rough_0.30/light_3.50/spp_016/frame_0006.png,samplesperpixel,3.476
0.30,3.50,16,7,/Users/sareneac/sandbox/Houdini/pixar/outputs/rough_0.30/light_3.50/spp_016/frame_0007.png,samplesperpixel,7.399
0.30,3.50,16,8,/Users/sareneac/sandbox/Houdini/pixar/outputs/rough_0.30/light_3.50/spp_016/frame_0008.png,samplesperpixel,17.656
0.30,3.50,16,9,/Users/sareneac/sandbox/Houdini/pixar/outputs/rough_0.30/light_3.50/spp_016/frame_0009.png,samplesperpixel,34.722
0.30,3.50,16,10,/Users/sareneac/sandbox/Houdini/pixar/outputs/rough_0.30/light_3.50/spp_016/frame_0010.png,samplesperpixel,19.219
0.30,3.50,16,11,/Users/sareneac/sandbox/Houdini/pixar/outputs/rough_0.30/light_3.50/spp_016/frame_0011.png,samplesperpixel,10.910
0.30,3.50,16,12,/Users/sareneac/sandbox/Houdini/pixar/outputs/rough_0.30/light_3.50/spp_016/frame_0012.png,samplesperpixel,4.182
0.30,3.50,32,1,/Users/sareneac/sandbox/Houdini/pixar/outputs/rough_0.30/light_3.50/spp_032/frame_0001.png,samplesperpixel,4.708
0.30,3.50,32,2,/Users/sareneac/sandbox/Houdini/pixar/outputs/rough_0.30/light_3.50/spp_032/frame_0002.png,samplesperpixel,3.480
0.30,3.50,32,3,/Users/sareneac/sandbox/Houdini/pixar/outputs/rough_0.30/light_3.50/spp_032/frame_0003.png,samplesperpixel,3.499
0.30,3.50,32,4,/Users/sareneac/sandbox/Houdini/pixar/outputs/rough_0.30/light_3.50/spp_032/frame_0004.png,samplesperpixel,3.498
0.30,3.50,32,5,/Users/sareneac/sandbox/Houdini/pixar/outputs/rough_0.30/light_3.50/spp_032/frame_0005.png,samplesperpixel,3.495
0.30,3.50,32,6,/Users/sareneac/sandbox/Houdini/pixar/outputs/rough_0.30/light_3.50/spp_032/frame_0006.png,samplesperpixel,3.590
0.30,3.50,32,7,/Users/sareneac/sandbox/Houdini/pixar/outputs/rough_0.30/light_3.50/spp_032/frame_0007.png,samplesperpixel,9.199
0.30,3.50,32,8,/Users/sareneac/sandbox/Houdini/pixar/outputs/rough_0.30/light_3.50/spp_032/frame_0008.png,samplesperpixel,23.801
0.30,3.50,32,9,/Users/sareneac/sandbox/Houdini/pixar/outputs/rough_0.30/light_3.50/spp_032/frame_0009.png,samplesperpixel,50.561
0.30,3.50,32,10,/Users/sareneac/sandbox/Houdini/pixar/outputs/rough_0.30/light_3.50/spp_032/frame_0010.png,samplesperpixel,26.636
0.30,3.50,32,11,/Users/sareneac/sandbox/Houdini/pixar/outputs/rough_0.30/light_3.50/spp_032/frame_0011.png,samplesperpixel,14.669
0.30,3.50,32,12,/Users/sareneac/sandbox/Houdini/pixar/outputs/rough_0.30/light_3.50/spp_032/frame_0012.png,samplesperpixel,5.229
0.50,1.50,16,1,/Users/sareneac/sandbox/Houdini/pixar/outputs/rough_0.50/light_1.50/spp_016/frame_0001.png,samplesperpixel,4.635
0.50,1.50,16,2,/Users/sareneac/sandbox/Houdini/pixar/outputs/rough_0.50/light_1.50/spp_016/frame_0002.png,samplesperpixel,3.429
0.50,1.50,16,3,/Users/sareneac/sandbox/Houdini/pixar/outputs/rough_0.50/light_1.50/spp_016/frame_0003.png,samplesperpixel,3.421
0.50,1.50,16,4,/Users/sareneac/sandbox/Houdini/pixar/outputs/rough_0.50/light_1.50/spp_016/frame_0004.png,samplesperpixel,3.441
0.50,1.50,16,5,/Users/sareneac/sandbox/Houdini/pixar/outputs/rough_0.50/light_1.50/spp_016/frame_0005.png,samplesperpixel,3.435
0.50,1.50,16,6,/Users/sareneac/sandbox/Houdini/pixar/outputs/rough_0.50/light_1.50/spp_016/frame_0006.png,samplesperpixel,3.403
0.50,1.50,16,7,/Users/sareneac/sandbox/Houdini/pixar/outputs/rough_0.50/light_1.50/spp_016/frame_0007.png,samplesperpixel,6.236
0.50,1.50,16,8,/Users/sareneac/sandbox/Houdini/pixar/outputs/rough_0.50/light_1.50/spp_016/frame_0008.png,samplesperpixel,76.471
0.50,1.50,16,9,/Users/sareneac/sandbox/Houdini/pixar/outputs/rough_0.50/light_1.50/spp_016/frame_0009.png,samplesperpixel,66.904
0.50,1.50,16,10,/Users/sareneac/sandbox/Houdini/pixar/outputs/rough_0.50/light_1.50/spp_016/frame_0010.png,samplesperpixel,14.858
0.50,1.50,16,11,/Users/sareneac/sandbox/Houdini/pixar/outputs/rough_0.50/light_1.50/spp_016/frame_0011.png,samplesperpixel,9.164
0.50,1.50,16,12,/Users/sareneac/sandbox/Houdini/pixar/outputs/rough_0.50/light_1.50/spp_016/frame_0012.png,samplesperpixel,4.262
0.50,1.50,32,1,/Users/sareneac/sandbox/Houdini/pixar/outputs/rough_0.50/light_1.50/spp_032/frame_0001.png,samplesperpixel,4.301
0.50,1.50,32,2,/Users/sareneac/sandbox/Houdini/pixar/outputs/rough_0.50/light_1.50/spp_032/frame_0002.png,samplesperpixel,3.485
0.50,1.50,32,3,/Users/sareneac/sandbox/Houdini/pixar/outputs/rough_0.50/light_1.50/spp_032/frame_0003.png,samplesperpixel,3.506
0.50,1.50,32,4,/Users/sareneac/sandbox/Houdini/pixar/outputs/rough_0.50/light_1.50/spp_032/frame_0004.png,samplesperpixel,3.473
0.50,1.50,32,5,/Users/sareneac/sandbox/Houdini/pixar/outputs/rough_0.50/light_1.50/spp_032/frame_0005.png,samplesperpixel,3.486
0.50,1.50,32,6,/Users/sareneac/sandbox/Houdini/pixar/outputs/rough_0.50/light_1.50/spp_032/frame_0006.png,samplesperpixel,3.464
0.50,1.50,32,7,/Users/sareneac/sandbox/Houdini/pixar/outputs/rough_0.50/light_1.50/spp_032/frame_0007.png,samplesperpixel,7.257
0.50,1.50,32,8,/Users/sareneac/sandbox/Houdini/pixar/outputs/rough_0.50/light_1.50/spp_032/frame_0008.png,samplesperpixel,15.928
0.50,1.50,32,9,/Users/sareneac/sandbox/Houdini/pixar/outputs/rough_0.50/light_1.50/spp_032/frame_0009.png,samplesperpixel,35.536
0.50,1.50,32,10,/Users/sareneac/sandbox/Houdini/pixar/outputs/rough_0.50/light_1.50/spp_032/frame_0010.png,samplesperpixel,17.644
0.50,1.50,32,11,/Users/sareneac/sandbox/Houdini/pixar/outputs/rough_0.50/light_1.50/spp_032/frame_0011.png,samplesperpixel,10.740
0.50,1.50,32,12,/Users/sareneac/sandbox/Houdini/pixar/outputs/rough_0.50/light_1.50/spp_032/frame_0012.png,samplesperpixel,4.376
0.50,2.50,16,1,/Users/sareneac/sandbox/Houdini/pixar/outputs/rough_0.50/light_2.50/spp_016/frame_0001.png,samplesperpixel,4.242
0.50,2.50,16,2,/Users/sareneac/sandbox/Houdini/pixar/outputs/rough_0.50/light_2.50/spp_016/frame_0002.png,samplesperpixel,3.421
0.50,2.50,16,3,/Users/sareneac/sandbox/Houdini/pixar/outputs/rough_0.50/light_2.50/spp_016/frame_0003.png,samplesperpixel,3.390
0.50,2.50,16,4,/Users/sareneac/sandbox/Houdini/pixar/outputs/rough_0.50/light_2.50/spp_016/frame_0004.png,samplesperpixel,3.373
0.50,2.50,16,5,/Users/sareneac/sandbox/Houdini/pixar/outputs/rough_0.50/light_2.50/spp_016/frame_0005.png,samplesperpixel,3.394
0.50,2.50,16,6,/Users/sareneac/sandbox/Houdini/pixar/outputs/rough_0.50/light_2.50/spp_016/frame_0006.png,samplesperpixel,3.375
0.50,2.50,16,7,/Users/sareneac/sandbox/Houdini/pixar/outputs/rough_0.50/light_2.50/spp_016/frame_0007.png,samplesperpixel,6.918
0.50,2.50,16,8,/Users/sareneac/sandbox/Houdini/pixar/outputs/rough_0.50/light_2.50/spp_016/frame_0008.png,samplesperpixel,16.053
0.50,2.50,16,9,/Users/sareneac/sandbox/Houdini/pixar/outputs/rough_0.50/light_2.50/spp_016/frame_0009.png,samplesperpixel,32.005
0.50,2.50,16,10,/Users/sareneac/sandbox/Houdini/pixar/outputs/rough_0.50/light_2.50/spp_016/frame_0010.png,samplesperpixel,18.166
0.50,2.50,16,11,/Users/sareneac/sandbox/Houdini/pixar/outputs/rough_0.50/light_2.50/spp_016/frame_0011.png,samplesperpixel,10.727
0.50,2.50,16,12,/Users/sareneac/sandbox/Houdini/pixar/outputs/rough_0.50/light_2.50/spp_016/frame_0012.png,samplesperpixel,4.377
0.50,2.50,32,1,/Users/sareneac/sandbox/Houdini/pixar/outputs/rough_0.50/light_2.50/spp_032/frame_0001.png,samplesperpixel,6.849
0.50,2.50,32,2,/Users/sareneac/sandbox/Houdini/pixar/outputs/rough_0.50/light_2.50/spp_032/frame_0002.png,samplesperpixel,4.155
0.50,2.50,32,3,/Users/sareneac/sandbox/Houdini/pixar/outputs/rough_0.50/light_2.50/spp_032/frame_0003.png,samplesperpixel,3.516
0.50,2.50,32,4,/Users/sareneac/sandbox/Houdini/pixar/outputs/rough_0.50/light_2.50/spp_032/frame_0004.png,samplesperpixel,3.489
0.50,2.50,32,5,/Users/sareneac/sandbox/Houdini/pixar/outputs/rough_0.50/light_2.50/spp_032/frame_0005.png,samplesperpixel,3.487
0.50,2.50,32,6,/Users/sareneac/sandbox/Houdini/pixar/outputs/rough_0.50/light_2.50/spp_032/frame_0006.png,samplesperpixel,3.484
0.50,2.50,32,7,/Users/sareneac/sandbox/Houdini/pixar/outputs/rough_0.50/light_2.50/spp_032/frame_0007.png,samplesperpixel,8.179
0.50,2.50,32,8,/Users/sareneac/sandbox/Houdini/pixar/outputs/rough_0.50/light_2.50/spp_032/frame_0008.png,samplesperpixel,19.535
0.50,2.50,32,9,/Users/sareneac/sandbox/Houdini/pixar/outputs/rough_0.50/light_2.50/spp_032/frame_0009.png,samplesperpixel,42.960
0.50,2.50,32,10,/Users/sareneac/sandbox/Houdini/pixar/outputs/rough_0.50/light_2.50/spp_032/frame_0010.png,samplesperpixel,21.638
0.50,2.50,32,11,/Users/sareneac/sandbox/Houdini/pixar/outputs/rough_0.50/light_2.50/spp_032/frame_0011.png,samplesperpixel,12.476
0.50,2.50,32,12,/Users/sareneac/sandbox/Houdini/pixar/outputs/rough_0.50/light_2.50/spp_032/frame_0012.png,samplesperpixel,4.848
0.50,3.50,16,1,/Users/sareneac/sandbox/Houdini/pixar/outputs/rough_0.50/light_3.50/spp_016/frame_0001.png,samplesperpixel,4.318
0.50,3.50,16,2,/Users/sareneac/sandbox/Houdini/pixar/outputs/rough_0.50/light_3.50/spp_016/frame_0002.png,samplesperpixel,15.662
0.50,3.50,16,3,/Users/sareneac/sandbox/Houdini/pixar/outputs/rough_0.50/light_3.50/spp_016/frame_0003.png,samplesperpixel,3.446
0.50,3.50,16,4,/Users/sareneac/sandbox/Houdini/pixar/outputs/rough_0.50/light_3.50/spp_016/frame_0004.png,samplesperpixel,3.426
0.50,3.50,16,5,/Users/sareneac/sandbox/Houdini/pixar/outputs/rough_0.50/light_3.50/spp_016/frame_0005.png,samplesperpixel,3.412
0.50,3.50,16,6,/Users/sareneac/sandbox/Houdini/pixar/outputs/rough_0.50/light_3.50/spp_016/frame_0006.png,samplesperpixel,3.389
0.50,3.50,16,7,/Users/sareneac/sandbox/Houdini/pixar/outputs/rough_0.50/light_3.50/spp_016/frame_0007.png,samplesperpixel,11.315
0.50,3.50,16,8,/Users/sareneac/sandbox/Houdini/pixar/outputs/rough_0.50/light_3.50/spp_016/frame_0008.png,samplesperpixel,69.957
0.50,3.50,16,9,/Users/sareneac/sandbox/Houdini/pixar/outputs/rough_0.50/light_3.50/spp_016/frame_0009.png,samplesperpixel,51.961
0.50,3.50,16,10,/Users/sareneac/sandbox/Houdini/pixar/outputs/rough_0.50/light_3.50/spp_016/frame_0010.png,samplesperpixel,20.204
0.50,3.50,16,11,/Users/sareneac/sandbox/Houdini/pixar/outputs/rough_0.50/light_3.50/spp_016/frame_0011.png,samplesperpixel,11.056
0.50,3.50,16,12,/Users/sareneac/sandbox/Houdini/pixar/outputs/rough_0.50/light_3.50/spp_016/frame_0012.png,samplesperpixel,4.250
0.50,3.50,32,1,/Users/sareneac/sandbox/Houdini/pixar/outputs/rough_0.50/light_3.50/spp_032/frame_0001.png,samplesperpixel,4.894
0.50,3.50,32,2,/Users/sareneac/sandbox/Houdini/pixar/outputs/rough_0.50/light_3.50/spp_032/frame_0002.png,samplesperpixel,3.496
0.50,3.50,32,3,/Users/sareneac/sandbox/Houdini/pixar/outputs/rough_0.50/light_3.50/spp_032/frame_0003.png,samplesperpixel,3.464
0.50,3.50,32,4,/Users/sareneac/sandbox/Houdini/pixar/outputs/rough_0.50/light_3.50/spp_032/frame_0004.png,samplesperpixel,3.475
0.50,3.50,32,5,/Users/sareneac/sandbox/Houdini/pixar/outputs/rough_0.50/light_3.50/spp_032/frame_0005.png,samplesperpixel,3.486
0.50,3.50,32,6,/Users/sareneac/sandbox/Houdini/pixar/outputs/rough_0.50/light_3.50/spp_032/frame_0006.png,samplesperpixel,3.614
0.50,3.50,32,7,/Users/sareneac/sandbox/Houdini/pixar/outputs/rough_0.50/light_3.50/spp_032/frame_0007.png,samplesperpixel,9.160
0.50,3.50,32,8,/Users/sareneac/sandbox/Houdini/pixar/outputs/rough_0.50/light_3.50/spp_032/frame_0008.png,samplesperpixel,23.961
0.50,3.50,32,9,/Users/sareneac/sandbox/Houdini/pixar/outputs/rough_0.50/light_3.50/spp_032/frame_0009.png,samplesperpixel,50.610
0.50,3.50,32,10,/Users/sareneac/sandbox/Houdini/pixar/outputs/rough_0.50/light_3.50/spp_032/frame_0010.png,samplesperpixel,26.935
0.50,3.50,32,11,/Users/sareneac/sandbox/Houdini/pixar/outputs/rough_0.50/light_3.50/spp_032/frame_0011.png,samplesperpixel,14.599
0.50,3.50,32,12,/Users/sareneac/sandbox/Houdini/pixar/outputs/rough_0.50/light_3.50/spp_032/frame_0012.png,samplesperpixel,4.767
0.70,1.50,16,1,/Users/sareneac/sandbox/Houdini/pixar/outputs/rough_0.70/light_1.50/spp_016/frame_0001.png,samplesperpixel,4.206
0.70,1.50,16,2,/Users/sareneac/sandbox/Houdini/pixar/outputs/rough_0.70/light_1.50/spp_016/frame_0002.png,samplesperpixel,3.390
0.70,1.50,16,3,/Users/sareneac/sandbox/Houdini/pixar/outputs/rough_0.70/light_1.50/spp_016/frame_0003.png,samplesperpixel,3.377
0.70,1.50,16,4,/Users/sareneac/sandbox/Houdini/pixar/outputs/rough_0.70/light_1.50/spp_016/frame_0004.png,samplesperpixel,3.367
0.70,1.50,16,5,/Users/sareneac/sandbox/Houdini/pixar/outputs/rough_0.70/light_1.50/spp_016/frame_0005.png,samplesperpixel,3.443
0.70,1.50,16,6,/Users/sareneac/sandbox/Houdini/pixar/outputs/rough_0.70/light_1.50/spp_016/frame_0006.png,samplesperpixel,3.520
0.70,1.50,16,7,/Users/sareneac/sandbox/Houdini/pixar/outputs/rough_0.70/light_1.50/spp_016/frame_0007.png,samplesperpixel,6.222
0.70,1.50,16,8,/Users/sareneac/sandbox/Houdini/pixar/outputs/rough_0.70/light_1.50/spp_016/frame_0008.png,samplesperpixel,13.073
0.70,1.50,16,9,/Users/sareneac/sandbox/Houdini/pixar/outputs/rough_0.70/light_1.50/spp_016/frame_0009.png,samplesperpixel,25.775
0.70,1.50,16,10,/Users/sareneac/sandbox/Houdini/pixar/outputs/rough_0.70/light_1.50/spp_016/frame_0010.png,samplesperpixel,14.416
0.70,1.50,16,11,/Users/sareneac/sandbox/Houdini/pixar/outputs/rough_0.70/light_1.50/spp_016/frame_0011.png,samplesperpixel,8.961
0.70,1.50,16,12,/Users/sareneac/sandbox/Houdini/pixar/outputs/rough_0.70/light_1.50/spp_016/frame_0012.png,samplesperpixel,4.031
0.70,1.50,32,1,/Users/sareneac/sandbox/Houdini/pixar/outputs/rough_0.70/light_1.50/spp_032/frame_0001.png,samplesperpixel,4.352
0.70,1.50,32,2,/Users/sareneac/sandbox/Houdini/pixar/outputs/rough_0.70/light_1.50/spp_032/frame_0002.png,samplesperpixel,3.490
0.70,1.50,32,3,/Users/sareneac/sandbox/Houdini/pixar/outputs/rough_0.70/light_1.50/spp_032/frame_0003.png,samplesperpixel,3.485
0.70,1.50,32,4,/Users/sareneac/sandbox/Houdini/pixar/outputs/rough_0.70/light_1.50/spp_032/frame_0004.png,samplesperpixel,3.534
0.70,1.50,32,5,/Users/sareneac/sandbox/Houdini/pixar/outputs/rough_0.70/light_1.50/spp_032/frame_0005.png,samplesperpixel,3.501
0.70,1.50,32,6,/Users/sareneac/sandbox/Houdini/pixar/outputs/rough_0.70/light_1.50/spp_032/frame_0006.png,samplesperpixel,3.476
0.70,1.50,32,7,/Users/sareneac/sandbox/Houdini/pixar/outputs/rough_0.70/light_1.50/spp_032/frame_0007.png,samplesperpixel,7.257
0.70,1.50,32,8,/Users/sareneac/sandbox/Houdini/pixar/outputs/rough_0.70/light_1.50/spp_032/frame_0008.png,samplesperpixel,15.815
0.70,1.50,32,9,/Users/sareneac/sandbox/Houdini/pixar/outputs/rough_0.70/light_1.50/spp_032/frame_0009.png,samplesperpixel,35.191
0.70,1.50,32,10,/Users/sareneac/sandbox/Houdini/pixar/outputs/rough_0.70/light_1.50/spp_032/frame_0010.png,samplesperpixel,17.158
0.70,1.50,32,11,/Users/sareneac/sandbox/Houdini/pixar/outputs/rough_0.70/light_1.50/spp_032/frame_0011.png,samplesperpixel,10.618
0.70,1.50,32,12,/Users/sareneac/sandbox/Houdini/pixar/outputs/rough_0.70/light_1.50/spp_032/frame_0012.png,samplesperpixel,4.403
0.70,2.50,16,1,/Users/sareneac/sandbox/Houdini/pixar/outputs/rough_0.70/light_2.50/spp_016/frame_0001.png,samplesperpixel,4.189
0.70,2.50,16,2,/Users/sareneac/sandbox/Houdini/pixar/outputs/rough_0.70/light_2.50/spp_016/frame_0002.png,samplesperpixel,3.401
0.70,2.50,16,3,/Users/sareneac/sandbox/Houdini/pixar/outputs/rough_0.70/light_2.50/spp_016/frame_0003.png,samplesperpixel,3.395
0.70,2.50,16,4,/Users/sareneac/sandbox/Houdini/pixar/outputs/rough_0.70/light_2.50/spp_016/frame_0004.png,samplesperpixel,3.398
0.70,2.50,16,5,/Users/sareneac/sandbox/Houdini/pixar/outputs/rough_0.70/light_2.50/spp_016/frame_0005.png,samplesperpixel,3.413
0.70,2.50,16,6,/Users/sareneac/sandbox/Houdini/pixar/outputs/rough_0.70/light_2.50/spp_016/frame_0006.png,samplesperpixel,3.418
0.70,2.50,16,7,/Users/sareneac/sandbox/Houdini/pixar/outputs/rough_0.70/light_2.50/spp_016/frame_0007.png,samplesperpixel,6.997
0.70,2.50,16,8,/Users/sareneac/sandbox/Houdini/pixar/outputs/rough_0.70/light_2.50/spp_016/frame_0008.png,samplesperpixel,15.996
0.70,2.50,16,9,/Users/sareneac/sandbox/Houdini/pixar/outputs/rough_0.70/light_2.50/spp_016/frame_0009.png,samplesperpixel,31.672
0.70,2.50,16,10,/Users/sareneac/sandbox/Houdini/pixar/outputs/rough_0.70/light_2.50/spp_016/frame_0010.png,samplesperpixel,17.839
0.70,2.50,16,11,/Users/sareneac/sandbox/Houdini/pixar/outputs/rough_0.70/light_2.50/spp_016/frame_0011.png,samplesperpixel,10.225
0.70,2.50,16,12,/Users/sareneac/sandbox/Houdini/pixar/outputs/rough_0.70/light_2.50/spp_016/frame_0012.png,samplesperpixel,4.200
0.70,2.50,32,1,/Users/sareneac/sandbox/Houdini/pixar/outputs/rough_0.70/light_2.50/spp_032/frame_0001.png,samplesperpixel,4.604
0.70,2.50,32,2,/Users/sareneac/sandbox/Houdini/pixar/outputs/rough_0.70/light_2.50/spp_032/frame_0002.png,samplesperpixel,3.544
0.70,2.50,32,3,/Users/sareneac/sandbox/Houdini/pixar/outputs/rough_0.70/light_2.50/spp_032/frame_0003.png,samplesperpixel,3.537
0.70,2.50,32,4,/Users/sareneac/sandbox/Houdini/pixar/outputs/rough_0.70/light_2.50/spp_032/frame_0004.png,samplesperpixel,3.521
0.70,2.50,32,5,/Users/sareneac/sandbox/Houdini/pixar/outputs/rough_0.70/light_2.50/spp_032/frame_0005.png,samplesperpixel,3.523
0.70,2.50,32,6,/Users/sareneac/sandbox/Houdini/pixar/outputs/rough_0.70/light_2.50/spp_032/frame_0006.png,samplesperpixel,3.506
0.70,2.50,32,7,/Users/sareneac/sandbox/Houdini/pixar/outputs/rough_0.70/light_2.50/spp_032/frame_0007.png,samplesperpixel,8.190
0.70,2.50,32,8,/Users/sareneac/sandbox/Houdini/pixar/outputs/rough_0.70/light_2.50/spp_032/frame_0008.png,samplesperpixel,19.411
0.70,2.50,32,9,/Users/sareneac/sandbox/Houdini/pixar/outputs/rough_0.70/light_2.50/spp_032/frame_0009.png,samplesperpixel,42.754
0.70,2.50,32,10,/Users/sareneac/sandbox/Houdini/pixar/outputs/rough_0.70/light_2.50/spp_032/frame_0010.png,samplesperpixel,21.898
0.70,2.50,32,11,/Users/sareneac/sandbox/Houdini/pixar/outputs/rough_0.70/light_2.50/spp_032/frame_0011.png,samplesperpixel,12.751
0.70,2.50,32,12,/Users/sareneac/sandbox/Houdini/pixar/outputs/rough_0.70/light_2.50/spp_032/frame_0012.png,samplesperpixel,4.606
0.70,3.50,16,1,/Users/sareneac/sandbox/Houdini/pixar/outputs/rough_0.70/light_3.50/spp_016/frame_0001.png,samplesperpixel,4.385
0.70,3.50,16,2,/Users/sareneac/sandbox/Houdini/pixar/outputs/rough_0.70/light_3.50/spp_016/frame_0002.png,samplesperpixel,3.429
0.70,3.50,16,3,/Users/sareneac/sandbox/Houdini/pixar/outputs/rough_0.70/light_3.50/spp_016/frame_0003.png,samplesperpixel,3.394
0.70,3.50,16,4,/Users/sareneac/sandbox/Houdini/pixar/outputs/rough_0.70/light_3.50/spp_016/frame_0004.png,samplesperpixel,3.410
0.70,3.50,16,5,/Users/sareneac/sandbox/Houdini/pixar/outputs/rough_0.70/light_3.50/spp_016/frame_0005.png,samplesperpixel,3.391
0.70,3.50,16,6,/Users/sareneac/sandbox/Houdini/pixar/outputs/rough_0.70/light_3.50/spp_016/frame_0006.png,samplesperpixel,3.379
0.70,3.50,16,7,/Users/sareneac/sandbox/Houdini/pixar/outputs/rough_0.70/light_3.50/spp_016/frame_0007.png,samplesperpixel,7.145
0.70,3.50,16,8,/Users/sareneac/sandbox/Houdini/pixar/outputs/rough_0.70/light_3.50/spp_016/frame_0008.png,samplesperpixel,17.255
0.70,3.50,16,9,/Users/sareneac/sandbox/Houdini/pixar/outputs/rough_0.70/light_3.50/spp_016/frame_0009.png,samplesperpixel,34.411
0.70,3.50,16,10,/Users/sareneac/sandbox/Houdini/pixar/outputs/rough_0.70/light_3.50/spp_016/frame_0010.png,samplesperpixel,19.638
0.70,3.50,16,11,/Users/sareneac/sandbox/Houdini/pixar/outputs/rough_0.70/light_3.50/spp_016/frame_0011.png,samplesperpixel,11.183
0.70,3.50,16,12,/Users/sareneac/sandbox/Houdini/pixar/outputs/rough_0.70/light_3.50/spp_016/frame_0012.png,samplesperpixel,4.288
0.70,3.50,32,1,/Users/sareneac/sandbox/Houdini/pixar/outputs/rough_0.70/light_3.50/spp_032/frame_0001.png,samplesperpixel,4.823
0.70,3.50,32,2,/Users/sareneac/sandbox/Houdini/pixar/outputs/rough_0.70/light_3.50/spp_032/frame_0002.png,samplesperpixel,3.530
0.70,3.50,32,3,/Users/sareneac/sandbox/Houdini/pixar/outputs/rough_0.70/light_3.50/spp_032/frame_0003.png,samplesperpixel,3.486
0.70,3.50,32,4,/Users/sareneac/sandbox/Houdini/pixar/outputs/rough_0.70/light_3.50/spp_032/frame_0004.png,samplesperpixel,3.513
0.70,3.50,32,5,/Users/sareneac/sandbox/Houdini/pixar/outputs/rough_0.70/light_3.50/spp_032/frame_0005.png,samplesperpixel,3.525
0.70,3.50,32,6,/Users/sareneac/sandbox/Houdini/pixar/outputs/rough_0.70/light_3.50/spp_032/frame_0006.png,samplesperpixel,3.597
0.70,3.50,32,7,/Users/sareneac/sandbox/Houdini/pixar/outputs/rough_0.70/light_3.50/spp_032/frame_0007.png,samplesperpixel,9.129
0.70,3.50,32,8,/Users/sareneac/sandbox/Houdini/pixar/outputs/rough_0.70/light_3.50/spp_032/frame_0008.png,samplesperpixel,23.497
0.70,3.50,32,9,/Users/sareneac/sandbox/Houdini/pixar/outputs/rough_0.70/light_3.50/spp_032/frame_0009.png,samplesperpixel,50.155
0.70,3.50,32,10,/Users/sareneac/sandbox/Houdini/pixar/outputs/rough_0.70/light_3.50/spp_032/frame_0010.png,samplesperpixel,26.593
0.70,3.50,32,11,/Users/sareneac/sandbox/Houdini/pixar/outputs/rough_0.70/light_3.50/spp_032/frame_0011.png,samplesperpixel,14.724
0.70,3.50,32,12,/Users/sareneac/sandbox/Houdini/pixar/outputs/rough_0.70/light_3.50/spp_032/frame_0012.png,samplesperpixel,4.984
0.90,1.50,16,1,/Users/sareneac/sandbox/Houdini/pixar/outputs/rough_0.90/light_1.50/spp_016/frame_0001.png,samplesperpixel,4.174
0.90,1.50,16,2,/Users/sareneac/sandbox/Houdini/pixar/outputs/rough_0.90/light_1.50/spp_016/frame_0002.png,samplesperpixel,3.406
0.90,1.50,16,3,/Users/sareneac/sandbox/Houdini/pixar/outputs/rough_0.90/light_1.50/spp_016/frame_0003.png,samplesperpixel,3.351
0.90,1.50,16,4,/Users/sareneac/sandbox/Houdini/pixar/outputs/rough_0.90/light_1.50/spp_016/frame_0004.png,samplesperpixel,3.376
0.90,1.50,16,5,/Users/sareneac/sandbox/Houdini/pixar/outputs/rough_0.90/light_1.50/spp_016/frame_0005.png,samplesperpixel,3.391
0.90,1.50,16,6,/Users/sareneac/sandbox/Houdini/pixar/outputs/rough_0.90/light_1.50/spp_016/frame_0006.png,samplesperpixel,3.376
0.90,1.50,16,7,/Users/sareneac/sandbox/Houdini/pixar/outputs/rough_0.90/light_1.50/spp_016/frame_0007.png,samplesperpixel,6.221
0.90,1.50,16,8,/Users/sareneac/sandbox/Houdini/pixar/outputs/rough_0.90/light_1.50/spp_016/frame_0008.png,samplesperpixel,13.155
0.90,1.50,16,9,/Users/sareneac/sandbox/Houdini/pixar/outputs/rough_0.90/light_1.50/spp_016/frame_0009.png,samplesperpixel,25.519
0.90,1.50,16,10,/Users/sareneac/sandbox/Houdini/pixar/outputs/rough_0.90/light_1.50/spp_016/frame_0010.png,samplesperpixel,14.334
0.90,1.50,16,11,/Users/sareneac/sandbox/Houdini/pixar/outputs/rough_0.90/light_1.50/spp_016/frame_0011.png,samplesperpixel,9.029
0.90,1.50,16,12,/Users/sareneac/sandbox/Houdini/pixar/outputs/rough_0.90/light_1.50/spp_016/frame_0012.png,samplesperpixel,4.167
0.90,1.50,32,1,/Users/sareneac/sandbox/Houdini/pixar/outputs/rough_0.90/light_1.50/spp_032/frame_0001.png,samplesperpixel,4.320
0.90,1.50,32,2,/Users/sareneac/sandbox/Houdini/pixar/outputs/rough_0.90/light_1.50/spp_032/frame_0002.png,samplesperpixel,3.497
0.90,1.50,32,3,/Users/sareneac/sandbox/Houdini/pixar/outputs/rough_0.90/light_1.50/spp_032/frame_0003.png,samplesperpixel,3.456
0.90,1.50,32,4,/Users/sareneac/sandbox/Houdini/pixar/outputs/rough_0.90/light_1.50/spp_032/frame_0004.png,samplesperpixel,3.503
0.90,1.50,32,5,/Users/sareneac/sandbox/Houdini/pixar/outputs/rough_0.90/light_1.50/spp_032/frame_0005.png,samplesperpixel,3.503
0.90,1.50,32,6,/Users/sareneac/sandbox/Houdini/pixar/outputs/rough_0.90/light_1.50/spp_032/frame_0006.png,samplesperpixel,3.452
0.90,1.50,32,7,/Users/sareneac/sandbox/Houdini/pixar/outputs/rough_0.90/light_1.50/spp_032/frame_0007.png,samplesperpixel,7.168
0.90,1.50,32,8,/Users/sareneac/sandbox/Houdini/pixar/outputs/rough_0.90/light_1.50/spp_032/frame_0008.png,samplesperpixel,15.564
0.90,1.50,32,9,/Users/sareneac/sandbox/Houdini/pixar/outputs/rough_0.90/light_1.50/spp_032/frame_0009.png,samplesperpixel,34.909
0.90,1.50,32,10,/Users/sareneac/sandbox/Houdini/pixar/outputs/rough_0.90/light_1.50/spp_032/frame_0010.png,samplesperpixel,17.459
0.90,1.50,32,11,/Users/sareneac/sandbox/Houdini/pixar/outputs/rough_0.90/light_1.50/spp_032/frame_0011.png,samplesperpixel,10.547
0.90,1.50,32,12,/Users/sareneac/sandbox/Houdini/pixar/outputs/rough_0.90/light_1.50/spp_032/frame_0012.png,samplesperpixel,4.342
0.90,2.50,16,1,/Users/sareneac/sandbox/Houdini/pixar/outputs/rough_0.90/light_2.50/spp_016/frame_0001.png,samplesperpixel,4.205
0.90,2.50,16,2,/Users/sareneac/sandbox/Houdini/pixar/outputs/rough_0.90/light_2.50/spp_016/frame_0002.png,samplesperpixel,3.378
0.90,2.50,16,3,/Users/sareneac/sandbox/Houdini/pixar/outputs/rough_0.90/light_2.50/spp_016/frame_0003.png,samplesperpixel,3.383
0.90,2.50,16,4,/Users/sareneac/sandbox/Houdini/pixar/outputs/rough_0.90/light_2.50/spp_016/frame_0004.png,samplesperpixel,3.384
0.90,2.50,16,5,/Users/sareneac/sandbox/Houdini/pixar/outputs/rough_0.90/light_2.50/spp_016/frame_0005.png,samplesperpixel,3.384
0.90,2.50,16,6,/Users/sareneac/sandbox/Houdini/pixar/outputs/rough_0.90/light_2.50/spp_016/frame_0006.png,samplesperpixel,3.389
0.90,2.50,16,7,/Users/sareneac/sandbox/Houdini/pixar/outputs/rough_0.90/light_2.50/spp_016/frame_0007.png,samplesperpixel,6.912
0.90,2.50,16,8,/Users/sareneac/sandbox/Houdini/pixar/outputs/rough_0.90/light_2.50/spp_016/frame_0008.png,samplesperpixel,16.034
0.90,2.50,16,9,/Users/sareneac/sandbox/Houdini/pixar/outputs/rough_0.90/light_2.50/spp_016/frame_0009.png,samplesperpixel,31.772
0.90,2.50,16,10,/Users/sareneac/sandbox/Houdini/pixar/outputs/rough_0.90/light_2.50/spp_016/frame_0010.png,samplesperpixel,18.142
0.90,2.50,16,11,/Users/sareneac/sandbox/Houdini/pixar/outputs/rough_0.90/light_2.50/spp_016/frame_0011.png,samplesperpixel,10.200
0.90,2.50,16,12,/Users/sareneac/sandbox/Houdini/pixar/outputs/rough_0.90/light_2.50/spp_016/frame_0012.png,samplesperpixel,4.222
0.90,2.50,32,1,/Users/sareneac/sandbox/Houdini/pixar/outputs/rough_0.90/light_2.50/spp_032/frame_0001.png,samplesperpixel,4.632
0.90,2.50,32,2,/Users/sareneac/sandbox/Houdini/pixar/outputs/rough_0.90/light_2.50/spp_032/frame_0002.png,samplesperpixel,3.566
0.90,2.50,32,3,/Users/sareneac/sandbox/Houdini/pixar/outputs/rough_0.90/light_2.50/spp_032/frame_0003.png,samplesperpixel,3.487
0.90,2.50,32,4,/Users/sareneac/sandbox/Houdini/pixar/outputs/rough_0.90/light_2.50/spp_032/frame_0004.png,samplesperpixel,3.533
0.90,2.50,32,5,/Users/sareneac/sandbox/Houdini/pixar/outputs/rough_0.90/light_2.50/spp_032/frame_0005.png,samplesperpixel,3.551
0.90,2.50,32,6,/Users/sareneac/sandbox/Houdini/pixar/outputs/rough_0.90/light_2.50/spp_032/frame_0006.png,samplesperpixel,3.505
0.90,2.50,32,7,/Users/sareneac/sandbox/Houdini/pixar/outputs/rough_0.90/light_2.50/spp_032/frame_0007.png,samplesperpixel,8.122
0.90,2.50,32,8,/Users/sareneac/sandbox/Houdini/pixar/outputs/rough_0.90/light_2.50/spp_032/frame_0008.png,samplesperpixel,19.560
0.90,2.50,32,9,/Users/sareneac/sandbox/Houdini/pixar/outputs/rough_0.90/light_2.50/spp_032/frame_0009.png,samplesperpixel,42.763
0.90,2.50,32,10,/Users/sareneac/sandbox/Houdini/pixar/outputs/rough_0.90/light_2.50/spp_032/frame_0010.png,samplesperpixel,22.291
0.90,2.50,32,11,/Users/sareneac/sandbox/Houdini/pixar/outputs/rough_0.90/light_2.50/spp_032/frame_0011.png,samplesperpixel,12.986
0.90,2.50,32,12,/Users/sareneac/sandbox/Houdini/pixar/outputs/rough_0.90/light_2.50/spp_032/frame_0012.png,samplesperpixel,4.804
0.90,3.50,16,1,/Users/sareneac/sandbox/Houdini/pixar/outputs/rough_0.90/light_3.50/spp_016/frame_0001.png,samplesperpixel,4.573
0.90,3.50,16,2,/Users/sareneac/sandbox/Houdini/pixar/outputs/rough_0.90/light_3.50/spp_016/frame_0002.png,samplesperpixel,3.641
0.90,3.50,16,3,/Users/sareneac/sandbox/Houdini/pixar/outputs/rough_0.90/light_3.50/spp_016/frame_0003.png,samplesperpixel,3.607
0.90,3.50,16,4,/Users/sareneac/sandbox/Houdini/pixar/outputs/rough_0.90/light_3.50/spp_016/frame_0004.png,samplesperpixel,3.546
0.90,3.50,16,5,/Users/sareneac/sandbox/Houdini/pixar/outputs/rough_0.90/light_3.50/spp_016/frame_0005.png,samplesperpixel,3.746
0.90,3.50,16,6,/Users/sareneac/sandbox/Houdini/pixar/outputs/rough_0.90/light_3.50/spp_016/frame_0006.png,samplesperpixel,3.395
0.90,3.50,16,7,/Users/sareneac/sandbox/Houdini/pixar/outputs/rough_0.90/light_3.50/spp_016/frame_0007.png,samplesperpixel,7.124
0.90,3.50,16,8,/Users/sareneac/sandbox/Houdini/pixar/outputs/rough_0.90/light_3.50/spp_016/frame_0008.png,samplesperpixel,17.383
0.90,3.50,16,9,/Users/sareneac/sandbox/Houdini/pixar/outputs/rough_0.90/light_3.50/spp_016/frame_0009.png,samplesperpixel,34.573
0.90,3.50,16,10,/Users/sareneac/sandbox/Houdini/pixar/outputs/rough_0.90/light_3.50/spp_016/frame_0010.png,samplesperpixel,20.118
0.90,3.50,16,11,/Users/sareneac/sandbox/Houdini/pixar/outputs/rough_0.90/light_3.50/spp_016/frame_0011.png,samplesperpixel,11.857
0.90,3.50,16,12,/Users/sareneac/sandbox/Houdini/pixar/outputs/rough_0.90/light_3.50/spp_016/frame_0012.png,samplesperpixel,4.574
0.90,3.50,32,1,/Users/sareneac/sandbox/Houdini/pixar/outputs/rough_0.90/light_3.50/spp_032/frame_0001.png,samplesperpixel,4.918
0.90,3.50,32,2,/Users/sareneac/sandbox/Houdini/pixar/outputs/rough_0.90/light_3.50/spp_032/frame_0002.png,samplesperpixel,3.559
0.90,3.50,32,3,/Users/sareneac/sandbox/Houdini/pixar/outputs/rough_0.90/light_3.50/spp_032/frame_0003.png,samplesperpixel,3.499
0.90,3.50,32,4,/Users/sareneac/sandbox/Houdini/pixar/outputs/rough_0.90/light_3.50/spp_032/frame_0004.png,samplesperpixel,3.501
0.90,3.50,32,5,/Users/sareneac/sandbox/Houdini/pixar/outputs/rough_0.90/light_3.50/spp_032/frame_0005.png,samplesperpixel,3.509
0.90,3.50,32,6,/Users/sareneac/sandbox/Houdini/pixar/outputs/rough_0.90/light_3.50/spp_032/frame_0006.png,samplesperpixel,3.570
0.90,3.50,32,7,/Users/sareneac/sandbox/Houdini/pixar/outputs/rough_0.90/light_3.50/spp_032/frame_0007.png,samplesperpixel,9.258
0.90,3.50,32,8,/Users/sareneac/sandbox/Houdini/pixar/outputs/rough_0.90/light_3.50/spp_032/frame_0008.png,samplesperpixel,24.740
0.90,3.50,32,9,/Users/sareneac/sandbox/Houdini/pixar/outputs/rough_0.90/light_3.50/spp_032/frame_0009.png,samplesperpixel,661.189
0.90,3.50,32,10,/Users/sareneac/sandbox/Houdini/pixar/outputs/rough_0.90/light_3.50/spp_032/frame_0010.png,samplesperpixel,736.350
0.90,3.50,32,11,/Users/sareneac/sandbox/Houdini/pixar/outputs/rough_0.90/light_3.50/spp_032/frame_0011.png,samplesperpixel,16.308
0.90,3.50,32,12,/Users/sareneac/sandbox/Houdini/pixar/outputs/rough_0.90/light_3.50/spp_032/frame_0012.png,samplesperpixel,5.044
